Completed,Week,Day of Week,Projected Winner,Projected Winner's Rank,Projected Winner's Percentage Difference,Rank Difference,Projected Winner Futures Difference,Away Team,Away Rank,Away Percentage,Away Futures NJ,Away-Home Futures NJ difference,Home Team,Home Rank,Home Percentage,Home Futures NJ,Home-Away Futures NJ difference,Game URL
true,1,,Kansas City Chiefs,4,,5,-1075,Detroit Lions,6,NaN,1600,1075,Kansas City Chiefs,1,NaN,525,-1075,https://www.espn.com/nfl/game?gameId=401547353
true,1,,Atlanta Falcons,22,,10,-69000,Carolina Panthers,31,NaN,75000,69000,Atlanta Falcons,15,NaN,6000,-69000,https://www.espn.com/nfl/game?gameId=401547403
true,1,,Cleveland Browns,14,,1,1000,Cincinnati Bengals,8,NaN,2500,-1000,Cleveland Browns,11,NaN,3500,1000,https://www.espn.com/nfl/game?gameId=401547397
true,1,,Indianapolis Colts,24,,14,7500,Jacksonville Jaguars,9,NaN,2500,-7500,Indianapolis Colts,20,NaN,10000,7500,https://www.espn.com/nfl/game?gameId=401547404
true,1,,Minnesota Vikings,12,,7,1000,Tampa Bay Buccaneers,16,NaN,7000,-1000,Minnesota Vikings,19,NaN,8000,1000,https://www.espn.com/nfl/game?gameId=401547398
true,1,,New Orleans Saints,16,,4,-4500,Tennessee Titans,18,NaN,8000,4500,New Orleans Saints,12,NaN,3500,-4500,https://www.espn.com/nfl/game?gameId=401547399
true,1,,Pittsburgh Steelers,17,,15,4620,San Francisco 49ers,0,NaN,380,-4620,Pittsburgh Steelers,14,NaN,5000,4620,https://www.espn.com/nfl/game?gameId=401547405
true,1,,Washington Commanders,28,,2,-60000,Arizona Cardinals,30,NaN,75000,60000,Washington Commanders,24,NaN,15000,-60000,https://www.espn.com/nfl/game?gameId=401547406
true,1,,Baltimore Ravens,6,,17,-13000,Houston Texans,25,NaN,15000,13000,Baltimore Ravens,7,NaN,2000,-13000,https://www.espn.com/nfl/game?gameId=401547396
true,1,,Chicago Bears,27,,6,22000,Green Bay Packers,17,NaN,8000,-22000,Chicago Bears,28,NaN,30000,22000,https://www.espn.com/nfl/game?gameId=401547407
true,1,,Denver Broncos,29,,4,15000,Las Vegas Raiders,23,NaN,15000,-15000,Denver Broncos,29,NaN,30000,15000,https://www.espn.com/nfl/game?gameId=401547400
true,1,,New England Patriots,26,,19,19250,Philadelphia Eagles,2,NaN,750,-19250,New England Patriots,26,NaN,20000,19250,https://www.espn.com/nfl/game?gameId=401547402
true,1,,Los Angeles Chargers,8,,5,2100,Miami Dolphins,4,NaN,900,-2100,Los Angeles Chargers,10,NaN,3000,2100,https://www.espn.com/nfl/game?gameId=401547401
true,1,,Seattle Seahawks,11,,2,-6500,Los Angeles Rams,21,NaN,10000,6500,Seattle Seahawks,13,NaN,3500,-6500,https://www.espn.com/nfl/game?gameId=401547408
true,1,,New York Giants,31,,26,18500,Dallas Cowboys,5,NaN,1500,-18500,New York Giants,27,NaN,20000,18500,https://www.espn.com/nfl/game?gameId=401547409
true,1,,New York Jets,18,,17,11600,Buffalo Bills,3,NaN,900,-11600,New York Jets,22,NaN,12500,11600,https://www.espn.com/nfl/game?gameId=401547352
true,2,,Philadelphia Eagles,7,,5,-7250,Minnesota Vikings,19,NaN,8000,7250,Philadelphia Eagles,2,NaN,750,-7250,https://www.espn.com/nfl/game?gameId=401547410
true,2,,Atlanta Falcons,22,,1,-2000,Green Bay Packers,17,NaN,8000,2000,Atlanta Falcons,15,NaN,6000,-2000,https://www.espn.com/nfl/game?gameId=401547417
true,2,,Buffalo Bills,1,,24,-14100,Las Vegas Raiders,23,NaN,15000,14100,Buffalo Bills,3,NaN,900,-14100,https://www.espn.com/nfl/game?gameId=401547411
true,2,,Cincinnati Bengals,15,,9,500,Baltimore Ravens,7,NaN,2000,-500,Cincinnati Bengals,8,NaN,2500,500,https://www.espn.com/nfl/game?gameId=401547412
true,2,,Detroit Lions,9,,2,-1900,Seattle Seahawks,13,NaN,3500,1900,Detroit Lions,6,NaN,1600,-1900,https://www.espn.com/nfl/game?gameId=401547418
true,2,,Tennessee Titans,20,,12,5000,Los Angeles Chargers,10,NaN,3000,-5000,Tennessee Titans,18,NaN,8000,5000,https://www.espn.com/nfl/game?gameId=401547414
true,2,,Tampa Bay Buccaneers,19,,8,-23000,Chicago Bears,28,NaN,30000,23000,Tampa Bay Buccaneers,16,NaN,7000,-23000,https://www.espn.com/nfl/game?gameId=401547420
true,2,,Jacksonville Jaguars,10,,6,1975,Kansas City Chiefs,1,NaN,525,-1975,Jacksonville Jaguars,9,NaN,2500,1975,https://www.espn.com/nfl/game?gameId=401547413
true,2,,Houston Texans,23,,1,5000,Indianapolis Colts,20,NaN,10000,-5000,Houston Texans,25,NaN,15000,5000,https://www.espn.com/nfl/game?gameId=401547419
true,2,,Los Angeles Rams,13,,11,9620,San Francisco 49ers,0,NaN,380,-9620,Los Angeles Rams,21,NaN,10000,9620,https://www.espn.com/nfl/game?gameId=401547422
true,2,,Arizona Cardinals,30,,1,55000,New York Giants,27,NaN,20000,-55000,Arizona Cardinals,30,NaN,75000,55000,https://www.espn.com/nfl/game?gameId=401547421
true,2,,Dallas Cowboys,5,,13,-11000,New York Jets,22,NaN,12500,11000,Dallas Cowboys,5,NaN,1500,-11000,https://www.espn.com/nfl/game?gameId=401547415
true,2,,Denver Broncos,29,,1,15000,Washington Commanders,24,NaN,15000,-15000,Denver Broncos,29,NaN,30000,15000,https://www.espn.com/nfl/game?gameId=401547416
true,2,,New England Patriots,26,,23,19100,Miami Dolphins,4,NaN,900,-19100,New England Patriots,26,NaN,20000,19100,https://www.espn.com/nfl/game?gameId=401547423
true,2,,Carolina Panthers,32,,16,71500,New Orleans Saints,12,NaN,3500,-71500,Carolina Panthers,31,NaN,75000,71500,https://www.espn.com/nfl/game?gameId=401547425
true,2,,Pittsburgh Steelers,17,,3,1500,Cleveland Browns,11,NaN,3500,-1500,Pittsburgh Steelers,14,NaN,5000,1500,https://www.espn.com/nfl/game?gameId=401547424
true,3,,San Francisco 49ers,2,,29,-19620,New York Giants,27,NaN,20000,19620,San Francisco 49ers,0,NaN,380,-19620,https://www.espn.com/nfl/game?gameId=401547426
true,3,,Cleveland Browns,14,,6,-4500,Tennessee Titans,18,NaN,8000,4500,Cleveland Browns,11,NaN,3500,-4500,https://www.espn.com/nfl/game?gameId=401547428
true,3,,Detroit Lions,9,,13,-4400,Atlanta Falcons,15,NaN,6000,4400,Detroit Lions,6,NaN,1600,-4400,https://www.espn.com/nfl/game?gameId=401547433
true,3,,Green Bay Packers,21,,5,4500,New Orleans Saints,12,NaN,3500,-4500,Green Bay Packers,17,NaN,8000,4500,https://www.espn.com/nfl/game?gameId=401547434
true,3,,Miami Dolphins,3,,26,-29100,Denver Broncos,29,NaN,30000,29100,Miami Dolphins,4,NaN,900,-29100,https://www.espn.com/nfl/game?gameId=401547429
true,3,,Minnesota Vikings,12,,4,5000,Los Angeles Chargers,10,NaN,3000,-5000,Minnesota Vikings,19,NaN,8000,5000,https://www.espn.com/nfl/game?gameId=401547436
true,3,,New York Jets,18,,8,-7500,New England Patriots,26,NaN,20000,7500,New York Jets,22,NaN,12500,-7500,https://www.espn.com/nfl/game?gameId=401547430
true,3,,Washington Commanders,28,,27,14100,Buffalo Bills,3,NaN,900,-14100,Washington Commanders,24,NaN,15000,14100,https://www.espn.com/nfl/game?gameId=401547431
true,3,,Jacksonville Jaguars,10,,13,-12500,Houston Texans,25,NaN,15000,12500,Jacksonville Jaguars,9,NaN,2500,-12500,https://www.espn.com/nfl/game?gameId=401547435
true,3,,Baltimore Ravens,6,,18,-8000,Indianapolis Colts,20,NaN,10000,8000,Baltimore Ravens,7,NaN,2000,-8000,https://www.espn.com/nfl/game?gameId=401547427
true,3,,Seattle Seahawks,11,,21,-71500,Carolina Panthers,31,NaN,75000,71500,Seattle Seahawks,13,NaN,3500,-71500,https://www.espn.com/nfl/game?gameId=401547432
true,3,,Kansas City Chiefs,4,,23,-29475,Chicago Bears,28,NaN,30000,29475,Kansas City Chiefs,1,NaN,525,-29475,https://www.espn.com/nfl/game?gameId=401547438
true,3,,Arizona Cardinals,30,,25,73500,Dallas Cowboys,5,NaN,1500,-73500,Arizona Cardinals,30,NaN,75000,73500,https://www.espn.com/nfl/game?gameId=401547437
true,3,,Las Vegas Raiders,25,,8,10000,Pittsburgh Steelers,14,NaN,5000,-10000,Las Vegas Raiders,23,NaN,15000,10000,https://www.espn.com/nfl/game?gameId=401547439
true,3,,Tampa Bay Buccaneers,19,,12,6250,Philadelphia Eagles,2,NaN,750,-6250,Tampa Bay Buccaneers,16,NaN,7000,6250,https://www.espn.com/nfl/game?gameId=401547440
true,3,,Cincinnati Bengals,15,,2,-7500,Los Angeles Rams,21,NaN,10000,7500,Cincinnati Bengals,8,NaN,2500,-7500,https://www.espn.com/nfl/game?gameId=401547441
true,4,,Green Bay Packers,21,,12,6400,Detroit Lions,6,NaN,1600,-6400,Green Bay Packers,17,NaN,8000,6400,https://www.espn.com/nfl/game?gameId=401547442
true,4,,Jacksonville Jaguars,10,,12,-3500,Atlanta Falcons,15,NaN,6000,3500,Jacksonville Jaguars,9,NaN,2500,-3500,https://www.espn.com/nfl/game?gameId=401547227
true,4,,Buffalo Bills,1,,2,0,Miami Dolphins,4,NaN,900,0,Buffalo Bills,3,NaN,900,0,https://www.espn.com/nfl/game?gameId=401547443
true,4,,Chicago Bears,27,,2,0,Denver Broncos,29,NaN,30000,0,Chicago Bears,28,NaN,30000,0,https://www.espn.com/nfl/game?gameId=401547444
true,4,,Cleveland Browns,14,,8,1500,Baltimore Ravens,7,NaN,2000,-1500,Cleveland Browns,11,NaN,3500,1500,https://www.espn.com/nfl/game?gameId=401547445
true,4,,Tennessee Titans,20,,5,5500,Cincinnati Bengals,8,NaN,2500,-5500,Tennessee Titans,18,NaN,8000,5500,https://www.espn.com/nfl/game?gameId=401547452
true,4,,Indianapolis Colts,24,,11,0,Los Angeles Rams,21,NaN,10000,0,Indianapolis Colts,20,NaN,10000,0,https://www.espn.com/nfl/game?gameId=401547449
true,4,,New Orleans Saints,16,,3,-3500,Tampa Bay Buccaneers,16,NaN,7000,3500,New Orleans Saints,12,NaN,3500,-3500,https://www.espn.com/nfl/game?gameId=401547450
true,4,,Philadelphia Eagles,7,,21,-14250,Washington Commanders,24,NaN,15000,14250,Philadelphia Eagles,2,NaN,750,-14250,https://www.espn.com/nfl/game?gameId=401547451
true,4,,Carolina Panthers,32,,20,67000,Minnesota Vikings,19,NaN,8000,-67000,Carolina Panthers,31,NaN,75000,67000,https://www.espn.com/nfl/game?gameId=401547448
true,4,,Houston Texans,23,,6,10000,Pittsburgh Steelers,14,NaN,5000,-10000,Houston Texans,25,NaN,15000,10000,https://www.espn.com/nfl/game?gameId=401547446
true,4,,Los Angeles Chargers,8,,17,-12000,Las Vegas Raiders,23,NaN,15000,12000,Los Angeles Chargers,10,NaN,3000,-12000,https://www.espn.com/nfl/game?gameId=401547447
true,4,,Dallas Cowboys,5,,21,-18500,New England Patriots,26,NaN,20000,18500,Dallas Cowboys,5,NaN,1500,-18500,https://www.espn.com/nfl/game?gameId=401547453
true,4,,San Francisco 49ers,2,,28,-74620,Arizona Cardinals,30,NaN,75000,74620,San Francisco 49ers,0,NaN,380,-74620,https://www.espn.com/nfl/game?gameId=401547454
true,4,,New York Jets,18,,14,11975,Kansas City Chiefs,1,NaN,525,-11975,New York Jets,22,NaN,12500,11975,https://www.espn.com/nfl/game?gameId=401547455
true,4,,New York Giants,31,,20,16500,Seattle Seahawks,13,NaN,3500,-16500,New York Giants,27,NaN,20000,16500,https://www.espn.com/nfl/game?gameId=401547456
true,5,,Washington Commanders,28,,1,-15000,Chicago Bears,28,NaN,30000,15000,Washington Commanders,24,NaN,15000,-15000,https://www.espn.com/nfl/game?gameId=401547457
true,5,,Buffalo Bills,1,,9,-1600,Jacksonville Jaguars,9,NaN,2500,1600,Buffalo Bills,3,NaN,900,-1600,https://www.espn.com/nfl/game?gameId=401547228
true,5,,Atlanta Falcons,22,,1,-9000,Houston Texans,25,NaN,15000,9000,Atlanta Falcons,15,NaN,6000,-9000,https://www.espn.com/nfl/game?gameId=401547463
true,5,,Detroit Lions,9,,23,-73400,Carolina Panthers,31,NaN,75000,73400,Detroit Lions,6,NaN,1600,-73400,https://www.espn.com/nfl/game?gameId=401547464
true,5,,Indianapolis Colts,24,,4,2000,Tennessee Titans,18,NaN,8000,-2000,Indianapolis Colts,20,NaN,10000,2000,https://www.espn.com/nfl/game?gameId=401547458
true,5,,Miami Dolphins,3,,28,-19100,New York Giants,27,NaN,20000,19100,Miami Dolphins,4,NaN,900,-19100,https://www.espn.com/nfl/game?gameId=401547465
true,5,,New England Patriots,26,,10,16500,New Orleans Saints,12,NaN,3500,-16500,New England Patriots,26,NaN,20000,16500,https://www.espn.com/nfl/game?gameId=401547459
true,5,,Pittsburgh Steelers,17,,11,3000,Baltimore Ravens,7,NaN,2000,-3000,Pittsburgh Steelers,14,NaN,5000,3000,https://www.espn.com/nfl/game?gameId=401547460
true,5,,Los Angeles Rams,13,,6,9250,Philadelphia Eagles,2,NaN,750,-9250,Los Angeles Rams,21,NaN,10000,9250,https://www.espn.com/nfl/game?gameId=401547467
true,5,,Arizona Cardinals,30,,15,72500,Cincinnati Bengals,8,NaN,2500,-72500,Arizona Cardinals,30,NaN,75000,72500,https://www.espn.com/nfl/game?gameId=401547466
true,5,,Denver Broncos,29,,11,17500,New York Jets,22,NaN,12500,-17500,Denver Broncos,29,NaN,30000,17500,https://www.espn.com/nfl/game?gameId=401547461
true,5,,Minnesota Vikings,12,,8,7475,Kansas City Chiefs,1,NaN,525,-7475,Minnesota Vikings,19,NaN,8000,7475,https://www.espn.com/nfl/game?gameId=401547462
true,5,,San Francisco 49ers,2,,3,-1120,Dallas Cowboys,5,NaN,1500,1120,San Francisco 49ers,0,NaN,380,-1120,https://www.espn.com/nfl/game?gameId=401547354
true,5,,Las Vegas Raiders,25,,4,7000,Green Bay Packers,17,NaN,8000,-7000,Las Vegas Raiders,23,NaN,15000,7000,https://www.espn.com/nfl/game?gameId=401547468
true,6,,Kansas City Chiefs,4,,25,-29475,Denver Broncos,29,NaN,30000,29475,Kansas City Chiefs,1,NaN,525,-29475,https://www.espn.com/nfl/game?gameId=401547469
false,6,Sunday,Buffalo Bills,1,78.7,30,-19100,New York Giants,27,10.6,20000,19100,Buffalo Bills,3,89.3,900,-19100,https://www.espn.com/nfl/game?gameId=401547481
false,6,Sunday,Miami Dolphins,3,75.5,29,-74100,Carolina Panthers,31,12.2,75000,74100,Miami Dolphins,4,87.7,900,-74100,https://www.espn.com/nfl/game?gameId=401547473
false,6,Sunday,San Francisco 49ers,2,47.5,12,-3120,San Francisco 49ers,0,73.6,380,-3120,Cleveland Browns,11,26.1,3500,3120,https://www.espn.com/nfl/game?gameId=401547476
false,6,Sunday,Los Angeles Rams,13,45.6,17,-65000,Arizona Cardinals,30,27.1,75000,65000,Los Angeles Rams,21,72.7,10000,-65000,https://www.espn.com/nfl/game?gameId=401547479
false,6,Sunday,Baltimore Ravens,6,37.7,14,-6000,Baltimore Ravens,7,68.7,2000,-6000,Tennessee Titans,18,31,8000,6000,https://www.espn.com/nfl/game?gameId=401547229
false,6,Sunday,Jacksonville Jaguars,10,31.1,14,-7500,Indianapolis Colts,20,34.3,10000,7500,Jacksonville Jaguars,9,65.4,2500,-7500,https://www.espn.com/nfl/game?gameId=401547472
false,6,Sunday,Philadelphia Eagles,7,30.8,11,-11750,Philadelphia Eagles,2,65.3,750,-11750,New York Jets,22,34.5,12500,11750,https://www.espn.com/nfl/game?gameId=401547480
false,6,Sunday,Minnesota Vikings,12,19.5,15,-22000,Minnesota Vikings,19,59.6,8000,-22000,Chicago Bears,28,40.1,30000,22000,https://www.espn.com/nfl/game?gameId=401547475
false,6,Sunday,Atlanta Falcons,22,16.1,6,-9000,Washington Commanders,24,41.8,15000,9000,Atlanta Falcons,15,57.9,6000,-9000,https://www.espn.com/nfl/game?gameId=401547470
false,6,Sunday,Las Vegas Raiders,25,11.7,1,-5000,New England Patriots,26,44,20000,5000,Las Vegas Raiders,23,55.7,15000,-5000,https://www.espn.com/nfl/game?gameId=401547474
false,6,Monday,Los Angeles Chargers,8,11.3,3,1500,Dallas Cowboys,5,44.2,1500,-1500,Los Angeles Chargers,10,55.5,3000,1500,https://www.espn.com/nfl/game?gameId=401547482
false,6,Sunday,Detroit Lions,9,10.4,10,-5400,Detroit Lions,6,55,1600,-5400,Tampa Bay Buccaneers,16,44.6,7000,5400,https://www.espn.com/nfl/game?gameId=401547478
false,6,Sunday,New Orleans Saints,16,9,7,-11500,New Orleans Saints,12,54.3,3500,-11500,Houston Texans,25,45.3,15000,11500,https://www.espn.com/nfl/game?gameId=401547477
false,6,Sunday,Seattle Seahawks,11,7.4,4,1000,Seattle Seahawks,13,53.5,3500,1000,Cincinnati Bengals,8,46.1,2500,-1000,https://www.espn.com/nfl/game?gameId=401547471
false,7,Sunday,Buffalo Bills,1,67.6,25,-19100,Buffalo Bills,3,83.7,900,-19100,New England Patriots,26,16.1,20000,19100,https://www.espn.com/nfl/game?gameId=401547485
false,7,Sunday,Seattle Seahawks,11,54.2,19,-71500,Arizona Cardinals,30,22.8,75000,71500,Seattle Seahawks,13,77,3500,-71500,https://www.espn.com/nfl/game?gameId=401547493
false,7,Monday,San Francisco 49ers,2,41.8,10,-7620,San Francisco 49ers,0,70.8,380,-7620,Minnesota Vikings,19,29,8000,7620,https://www.espn.com/nfl/game?gameId=401547495
false,7,Sunday,Kansas City Chiefs,4,33.8,4,-2475,Los Angeles Chargers,10,33,3000,2475,Kansas City Chiefs,1,66.8,525,-2475,https://www.espn.com/nfl/game?gameId=401547488
false,7,Sunday,Miami Dolphins,3,15.4,4,150,Miami Dolphins,4,57.5,900,150,Philadelphia Eagles,2,42.1,750,-150,https://www.espn.com/nfl/game?gameId=401547494
false,7,Sunday,Baltimore Ravens,6,15,3,400,Detroit Lions,6,42.3,1600,-400,Baltimore Ravens,7,57.3,2000,400,https://www.espn.com/nfl/game?gameId=401547489
false,7,Sunday,Green Bay Packers,21,14.8,8,-22000,Green Bay Packers,17,57.2,8000,-22000,Denver Broncos,29,42.4,30000,22000,https://www.espn.com/nfl/game?gameId=401547487
false,7,Sunday,Cleveland Browns,14,14.6,10,-6500,Cleveland Browns,11,57.1,3500,-6500,Indianapolis Colts,20,42.5,10000,6500,https://www.espn.com/nfl/game?gameId=401547484
false,7,Sunday,Los Angeles Rams,13,9.6,4,5000,Pittsburgh Steelers,14,45,5000,-5000,Los Angeles Rams,21,54.6,10000,5000,https://www.espn.com/nfl/game?gameId=401547492
false,7,Thursday,Jacksonville Jaguars,10,9.2,6,-1000,Jacksonville Jaguars,9,54.4,2500,-1000,New Orleans Saints,12,45.2,3500,1000,https://www.espn.com/nfl/game?gameId=401547483
false,7,Sunday,Washington Commanders,28,7.8,3,-5000,Washington Commanders,24,53.7,15000,-5000,New York Giants,27,45.9,20000,5000,https://www.espn.com/nfl/game?gameId=401547486
false,7,Sunday,Tampa Bay Buccaneers,19,7.1,3,1000,Atlanta Falcons,15,46.3,6000,-1000,Tampa Bay Buccaneers,16,53.4,7000,1000,https://www.espn.com/nfl/game?gameId=401547491
false,7,Sunday,Chicago Bears,27,4.8,2,15000,Las Vegas Raiders,23,47.4,15000,-15000,Chicago Bears,28,52.2,30000,15000,https://www.espn.com/nfl/game?gameId=401547490
false,8,Sunday,Miami Dolphins,3,66.1,23,-19100,New England Patriots,26,16.9,20000,19100,Miami Dolphins,4,83,900,-19100,https://www.espn.com/nfl/game?gameId=401547497
false,8,Thursday,Buffalo Bills,1,63.4,18,-6100,Tampa Bay Buccaneers,16,18.2,7000,6100,Buffalo Bills,3,81.6,900,-6100,https://www.espn.com/nfl/game?gameId=401547496
false,8,Sunday,Kansas City Chiefs,4,62.5,25,-29475,Kansas City Chiefs,1,81.2,525,-29475,Denver Broncos,29,18.7,30000,29475,https://www.espn.com/nfl/game?gameId=401547502
false,8,Sunday,Baltimore Ravens,6,56.6,24,-73000,Baltimore Ravens,7,78.2,2000,-73000,Arizona Cardinals,30,21.6,75000,73000,https://www.espn.com/nfl/game?gameId=401547501
false,8,Sunday,Los Angeles Chargers,8,51.8,19,-27000,Chicago Bears,28,24,30000,27000,Los Angeles Chargers,10,75.8,3000,-27000,https://www.espn.com/nfl/game?gameId=401547510
false,8,Sunday,San Francisco 49ers,2,48.6,13,-2120,Cincinnati Bengals,8,25.6,2500,2120,San Francisco 49ers,0,74.2,380,-2120,https://www.espn.com/nfl/game?gameId=401547503
false,8,Sunday,Philadelphia Eagles,7,47,21,-14250,Philadelphia Eagles,2,73.4,750,-14250,Washington Commanders,24,26.4,15000,14250,https://www.espn.com/nfl/game?gameId=401547508
false,8,Monday,Detroit Lions,9,43.6,16,-13400,Las Vegas Raiders,23,28.1,15000,13400,Detroit Lions,6,71.7,1600,-13400,https://www.espn.com/nfl/game?gameId=401547511
false,8,Sunday,Dallas Cowboys,5,40,8,-8500,Los Angeles Rams,21,29.9,10000,8500,Dallas Cowboys,5,69.9,1500,-8500,https://www.espn.com/nfl/game?gameId=401547505
false,8,Sunday,New York Jets,18,35.5,13,-7500,New York Jets,22,67.6,12500,-7500,New York Giants,27,32.1,20000,7500,https://www.espn.com/nfl/game?gameId=401547498
false,8,Sunday,Houston Texans,23,21.6,9,-60000,Houston Texans,25,60.6,15000,-60000,Carolina Panthers,31,39,75000,60000,https://www.espn.com/nfl/game?gameId=401547504
false,8,Sunday,Jacksonville Jaguars,10,17.3,7,-2500,Jacksonville Jaguars,9,58.5,2500,-2500,Pittsburgh Steelers,14,41.2,5000,2500,https://www.espn.com/nfl/game?gameId=401547499
false,8,Sunday,Seattle Seahawks,11,16.9,3,0,Cleveland Browns,11,41.4,3500,0,Seattle Seahawks,13,58.3,3500,0,https://www.espn.com/nfl/game?gameId=401547509
false,8,Sunday,Tennessee Titans,20,14.4,2,2000,Atlanta Falcons,15,42.6,6000,-2000,Tennessee Titans,18,57,8000,2000,https://www.espn.com/nfl/game?gameId=401547500
false,8,Sunday,New Orleans Saints,16,12.5,8,-6500,New Orleans Saints,12,56.1,3500,-6500,Indianapolis Colts,20,43.6,10000,6500,https://www.espn.com/nfl/game?gameId=401547507
false,8,Sunday,Minnesota Vikings,12,9,9,0,Minnesota Vikings,19,54.3,8000,0,Green Bay Packers,17,45.3,8000,0,https://www.espn.com/nfl/game?gameId=401547506
false,9,Sunday,Buffalo Bills,1,53.2,14,-1600,Buffalo Bills,3,76.5,900,-1600,Cincinnati Bengals,8,23.3,2500,1600,https://www.espn.com/nfl/game?gameId=401547523
false,9,Sunday,Cleveland Browns,14,46.2,16,-71500,Arizona Cardinals,30,26.8,75000,71500,Cleveland Browns,11,73,3500,-71500,https://www.espn.com/nfl/game?gameId=401547514
false,9,Sunday,Baltimore Ravens,6,28.3,5,-1500,Seattle Seahawks,13,35.7,3500,1500,Baltimore Ravens,7,64,2000,-1500,https://www.espn.com/nfl/game?gameId=401547513
false,9,Sunday,New Orleans Saints,16,26.3,11,-26500,Chicago Bears,28,36.7,30000,26500,New Orleans Saints,12,63,3500,-26500,https://www.espn.com/nfl/game?gameId=401547516
false,9,Sunday,Las Vegas Raiders,25,24.7,6,-5000,New York Giants,27,37.5,20000,5000,Las Vegas Raiders,23,62.2,15000,-5000,https://www.espn.com/nfl/game?gameId=401547521
false,9,Sunday,Indianapolis Colts,24,21.3,8,-65000,Indianapolis Colts,20,60.5,10000,-65000,Carolina Panthers,31,39.2,75000,65000,https://www.espn.com/nfl/game?gameId=401547517
false,9,Monday,Los Angeles Chargers,8,20.3,10,-9500,Los Angeles Chargers,10,60,3000,-9500,New York Jets,22,39.7,12500,9500,https://www.espn.com/nfl/game?gameId=401547524
false,9,Sunday,Minnesota Vikings,12,8.4,10,2000,Minnesota Vikings,19,54,8000,2000,Atlanta Falcons,15,45.6,6000,-2000,https://www.espn.com/nfl/game?gameId=401547518
false,9,Sunday,New England Patriots,26,6.4,2,5000,Washington Commanders,24,46.6,15000,-5000,New England Patriots,26,53,20000,5000,https://www.espn.com/nfl/game?gameId=401547520
false,9,Thursday,Pittsburgh Steelers,17,5.6,3,-3000,Tennessee Titans,18,47,8000,3000,Pittsburgh Steelers,14,52.6,5000,-3000,https://www.espn.com/nfl/game?gameId=401547512
false,9,Sunday,Tampa Bay Buccaneers,19,4.2,4,-8000,Tampa Bay Buccaneers,16,51.9,7000,-8000,Houston Texans,25,47.7,15000,8000,https://www.espn.com/nfl/game?gameId=401547515
false,9,Sunday,Los Angeles Rams,13,3.8,8,2000,Los Angeles Rams,21,51.7,10000,2000,Green Bay Packers,17,47.9,8000,-2000,https://www.espn.com/nfl/game?gameId=401547519
false,9,Sunday,Philadelphia Eagles,7,3.4,2,-750,Dallas Cowboys,5,48.1,1500,750,Philadelphia Eagles,2,51.5,750,-750,https://www.espn.com/nfl/game?gameId=401547522
false,9,Sunday,Kansas City Chiefs,4,0.2,1,-375,Miami Dolphins,4,49.7,900,375,Kansas City Chiefs,1,49.9,525,-375,https://www.espn.com/nfl/game?gameId=401547230
false,10,Monday,Buffalo Bills,1,70.3,28,-29100,Denver Broncos,29,14.8,30000,29100,Buffalo Bills,3,85.1,900,-29100,https://www.espn.com/nfl/game?gameId=401547537
false,10,Sunday,Dallas Cowboys,5,64.7,26,-18500,New York Giants,27,17.6,20000,18500,Dallas Cowboys,5,82.3,1500,-18500,https://www.espn.com/nfl/game?gameId=401547534
false,10,Sunday,Seattle Seahawks,11,43.7,17,-11500,Washington Commanders,24,28,15000,11500,Seattle Seahawks,13,71.7,3500,-11500,https://www.espn.com/nfl/game?gameId=401547535
false,10,Sunday,San Francisco 49ers,2,31.8,8,-2120,San Francisco 49ers,0,65.8,380,-2120,Jacksonville Jaguars,9,34,2500,2120,https://www.espn.com/nfl/game?gameId=401547532
false,10,Sunday,Baltimore Ravens,6,29,8,-1500,Cleveland Browns,11,35.4,3500,1500,Baltimore Ravens,7,64.4,2000,-1500,https://www.espn.com/nfl/game?gameId=401547531
false,10,Thursday,Chicago Bears,27,20.7,5,-45000,Carolina Panthers,31,39.5,75000,45000,Chicago Bears,28,60.2,30000,-45000,https://www.espn.com/nfl/game?gameId=401547525
false,10,Sunday,Atlanta Falcons,22,19.9,8,-69000,Atlanta Falcons,15,59.8,6000,-69000,Arizona Cardinals,30,39.9,75000,69000,https://www.espn.com/nfl/game?gameId=401547529
false,10,Sunday,Cincinnati Bengals,15,18.3,8,-12500,Houston Texans,25,40.7,15000,12500,Cincinnati Bengals,8,59,2500,-12500,https://www.espn.com/nfl/game?gameId=401547526
false,10,Sunday,Pittsburgh Steelers,17,10.8,4,-3000,Green Bay Packers,17,44.4,8000,3000,Pittsburgh Steelers,14,55.2,5000,-3000,https://www.espn.com/nfl/game?gameId=401547527
false,10,Sunday,Minnesota Vikings,12,9.8,4,4500,New Orleans Saints,12,44.9,3500,-4500,Minnesota Vikings,19,54.7,8000,4500,https://www.espn.com/nfl/game?gameId=401547533
false,10,Sunday,Los Angeles Chargers,8,7.1,1,1400,Detroit Lions,6,46.3,1600,-1400,Los Angeles Chargers,10,53.4,3000,1400,https://www.espn.com/nfl/game?gameId=401547530
false,10,Sunday,Indianapolis Colts,24,3.4,2,-10000,Indianapolis Colts,20,51.5,10000,-10000,New England Patriots,26,48.1,20000,10000,https://www.espn.com/nfl/game?gameId=401547231
false,10,Sunday,New York Jets,18,2.4,7,-2500,New York Jets,22,51,12500,-2500,Las Vegas Raiders,23,48.6,15000,2500,https://www.espn.com/nfl/game?gameId=401547536
false,10,Sunday,Tampa Bay Buccaneers,19,2,1,-1000,Tennessee Titans,18,48.8,8000,1000,Tampa Bay Buccaneers,16,50.8,7000,-1000,https://www.espn.com/nfl/game?gameId=401547528
false,11,Sunday,Miami Dolphins,3,72.7,22,-14100,Las Vegas Raiders,23,13.6,15000,14100,Miami Dolphins,4,86.3,900,-14100,https://www.espn.com/nfl/game?gameId=401547542
false,11,Sunday,San Francisco 49ers,2,63.7,17,-6620,Tampa Bay Buccaneers,16,18.1,7000,6620,San Francisco 49ers,0,81.8,380,-6620,https://www.espn.com/nfl/game?gameId=401547549
false,11,Sunday,Buffalo Bills,1,59.6,17,-11600,New York Jets,22,20.1,12500,11600,Buffalo Bills,3,79.7,900,-11600,https://www.espn.com/nfl/game?gameId=401547543
false,11,Sunday,Dallas Cowboys,5,54.8,27,-73500,Dallas Cowboys,5,77.3,1500,-73500,Carolina Panthers,31,22.5,75000,73500,https://www.espn.com/nfl/game?gameId=401547545
false,11,Sunday,Detroit Lions,9,37.9,18,-28400,Chicago Bears,28,30.9,30000,28400,Detroit Lions,6,68.8,1600,-28400,https://www.espn.com/nfl/game?gameId=401547546
false,11,Sunday,Houston Texans,23,30.9,7,-60000,Arizona Cardinals,30,34.4,75000,60000,Houston Texans,25,65.3,15000,-60000,https://www.espn.com/nfl/game?gameId=401547540
false,11,Thursday,Baltimore Ravens,6,30.7,9,-500,Cincinnati Bengals,8,34.5,2500,500,Baltimore Ravens,7,65.2,2000,-500,https://www.espn.com/nfl/game?gameId=401547538
false,11,Sunday,Minnesota Vikings,12,26.1,17,-22000,Minnesota Vikings,19,62.9,8000,-22000,Denver Broncos,29,36.8,30000,22000,https://www.espn.com/nfl/game?gameId=401547550
false,11,Monday,Kansas City Chiefs,4,25.9,3,-225,Philadelphia Eagles,2,36.9,750,225,Kansas City Chiefs,1,62.8,525,-225,https://www.espn.com/nfl/game?gameId=401547345
false,11,Sunday,Los Angeles Chargers,8,25.1,13,-5000,Los Angeles Chargers,10,62.4,3000,-5000,Green Bay Packers,17,37.3,8000,5000,https://www.espn.com/nfl/game?gameId=401547547
false,11,Sunday,Jacksonville Jaguars,10,23.5,10,-5500,Tennessee Titans,18,38.1,8000,5500,Jacksonville Jaguars,9,61.6,2500,-5500,https://www.espn.com/nfl/game?gameId=401547541
false,11,Sunday,Washington Commanders,28,14.9,3,-5000,New York Giants,27,42.4,20000,5000,Washington Commanders,24,57.3,15000,-5000,https://www.espn.com/nfl/game?gameId=401547548
false,11,Sunday,Cleveland Browns,14,10.8,3,-1500,Pittsburgh Steelers,14,44.4,5000,1500,Cleveland Browns,11,55.2,3500,-1500,https://www.espn.com/nfl/game?gameId=401547539
false,11,Sunday,Los Angeles Rams,13,6.4,2,6500,Seattle Seahawks,13,46.6,3500,-6500,Los Angeles Rams,21,53,10000,6500,https://www.espn.com/nfl/game?gameId=401547544
false,12,Thursday,Dallas Cowboys,5,55.4,23,-13500,Washington Commanders,24,22.2,15000,13500,Dallas Cowboys,5,77.6,1500,-13500,https://www.espn.com/nfl/game?gameId=401547551
false,12,Sunday,Kansas City Chiefs,4,54.7,21,-14475,Kansas City Chiefs,1,77.3,525,-14475,Las Vegas Raiders,23,22.6,15000,14475,https://www.espn.com/nfl/game?gameId=401547557
false,12,Friday,Miami Dolphins,3,45.2,15,-11600,Miami Dolphins,4,72.5,900,-11600,New York Jets,22,27.3,12500,11600,https://www.espn.com/nfl/game?gameId=401547242
false,12,Thursday,San Francisco 49ers,2,38.5,9,-3120,San Francisco 49ers,0,69.1,380,-3120,Seattle Seahawks,13,30.6,3500,3120,https://www.espn.com/nfl/game?gameId=401547553
false,12,Sunday,Los Angeles Rams,13,35.3,17,-65000,Los Angeles Rams,21,67.5,10000,-65000,Arizona Cardinals,30,32.2,75000,65000,https://www.espn.com/nfl/game?gameId=401547562
false,12,Sunday,Tennessee Titans,20,32.3,12,-67000,Carolina Panthers,31,33.7,75000,67000,Tennessee Titans,18,66,8000,-67000,https://www.espn.com/nfl/game?gameId=401547561
false,12,Thursday,Detroit Lions,9,29.4,12,-6400,Green Bay Packers,17,35.2,8000,6400,Detroit Lions,6,64.6,1600,-6400,https://www.espn.com/nfl/game?gameId=401547552
false,12,Sunday,Buffalo Bills,1,29.1,6,150,Buffalo Bills,3,64.4,900,150,Philadelphia Eagles,2,35.3,750,-150,https://www.espn.com/nfl/game?gameId=401547558
false,12,Monday,Minnesota Vikings,12,27.3,15,-22000,Chicago Bears,28,36.2,30000,22000,Minnesota Vikings,19,63.5,8000,-22000,https://www.espn.com/nfl/game?gameId=401547565
false,12,Sunday,Cleveland Browns,14,22.7,15,-26500,Cleveland Browns,11,61.2,3500,-26500,Denver Broncos,29,38.5,30000,26500,https://www.espn.com/nfl/game?gameId=401547563
false,12,Sunday,New England Patriots,26,21.5,5,0,New England Patriots,26,60.6,20000,0,New York Giants,27,39.1,20000,0,https://www.espn.com/nfl/game?gameId=401547560
false,12,Sunday,Jacksonville Jaguars,10,18.3,13,-12500,Jacksonville Jaguars,9,59,2500,-12500,Houston Texans,25,40.7,15000,12500,https://www.espn.com/nfl/game?gameId=401547555
false,12,Sunday,Cincinnati Bengals,15,13.1,2,-2500,Pittsburgh Steelers,14,43.3,5000,2500,Cincinnati Bengals,8,56.4,2500,-2500,https://www.espn.com/nfl/game?gameId=401547554
false,12,Sunday,New Orleans Saints,16,5.8,6,-2500,New Orleans Saints,12,52.7,3500,-2500,Atlanta Falcons,15,46.9,6000,2500,https://www.espn.com/nfl/game?gameId=401547559
false,12,Sunday,Indianapolis Colts,24,3.4,5,3000,Tampa Bay Buccaneers,16,48.1,7000,-3000,Indianapolis Colts,20,51.5,10000,3000,https://www.espn.com/nfl/game?gameId=401547556
false,12,Sunday,Los Angeles Chargers,8,2,2,1000,Baltimore Ravens,7,48.8,2000,-1000,Los Angeles Chargers,10,50.8,3000,1000,https://www.espn.com/nfl/game?gameId=401547564
false,13,Sunday,Miami Dolphins,3,58.6,25,-14100,Miami Dolphins,4,79.2,900,-14100,Washington Commanders,24,20.6,15000,14100,https://www.espn.com/nfl/game?gameId=401547574
false,13,Sunday,Kansas City Chiefs,4,45.2,17,-7475,Kansas City Chiefs,1,72.5,525,-7475,Green Bay Packers,17,27.3,8000,7475,https://www.espn.com/nfl/game?gameId=401547576
false,13,Sunday,Pittsburgh Steelers,17,33.9,13,-70000,Arizona Cardinals,30,32.9,75000,70000,Pittsburgh Steelers,14,66.8,5000,-70000,https://www.espn.com/nfl/game?gameId=401547568
false,13,Sunday,Tampa Bay Buccaneers,19,33.9,13,-68000,Carolina Panthers,31,32.9,75000,68000,Tampa Bay Buccaneers,16,66.8,7000,-68000,https://www.espn.com/nfl/game?gameId=401547569
false,13,Sunday,Los Angeles Chargers,8,33.3,18,-17000,Los Angeles Chargers,10,66.5,3000,-17000,New England Patriots,26,33.2,20000,17000,https://www.espn.com/nfl/game?gameId=401547567
false,13,Thursday,Dallas Cowboys,5,27.1,6,-2000,Seattle Seahawks,13,36.3,3500,2000,Dallas Cowboys,5,63.4,1500,-2000,https://www.espn.com/nfl/game?gameId=401547566
false,13,Sunday,San Francisco 49ers,2,20.2,5,-370,San Francisco 49ers,0,59.9,380,-370,Philadelphia Eagles,2,39.7,750,370,https://www.espn.com/nfl/game?gameId=401547276
false,13,Sunday,Houston Texans,23,19.9,6,-15000,Denver Broncos,29,39.9,30000,15000,Houston Texans,25,59.8,15000,-15000,https://www.espn.com/nfl/game?gameId=401547571
false,13,Sunday,Detroit Lions,9,17,7,-1900,Detroit Lions,6,58.3,1600,-1900,New Orleans Saints,12,41.3,3500,1900,https://www.espn.com/nfl/game?gameId=401547572
false,13,Monday,Jacksonville Jaguars,10,14.6,5,0,Cincinnati Bengals,8,42.5,2500,0,Jacksonville Jaguars,9,57.1,2500,0,https://www.espn.com/nfl/game?gameId=401547577
false,13,Sunday,Tennessee Titans,20,11.8,4,-2000,Indianapolis Colts,20,43.9,10000,2000,Tennessee Titans,18,55.7,8000,-2000,https://www.espn.com/nfl/game?gameId=401547570
false,13,Sunday,New York Jets,18,11,4,6500,Atlanta Falcons,15,44.3,6000,-6500,New York Jets,22,55.3,12500,6500,https://www.espn.com/nfl/game?gameId=401547573
false,13,Sunday,Los Angeles Rams,13,9,1,6500,Cleveland Browns,11,45.3,3500,-6500,Los Angeles Rams,21,54.3,10000,6500,https://www.espn.com/nfl/game?gameId=401547575
false,14,Monday,Miami Dolphins,3,55.6,17,-7100,Tennessee Titans,18,22.1,8000,7100,Miami Dolphins,4,77.7,900,-7100,https://www.espn.com/nfl/game?gameId=401547592
false,14,Sunday,Los Angeles Chargers,8,51.2,21,-27000,Denver Broncos,29,24.3,30000,27000,Los Angeles Chargers,10,75.5,3000,-27000,https://www.espn.com/nfl/game?gameId=401547584
false,14,Sunday,Baltimore Ravens,6,43.8,7,-8000,Los Angeles Rams,21,28,10000,8000,Baltimore Ravens,7,71.8,2000,-8000,https://www.espn.com/nfl/game?gameId=401547585
false,14,Sunday,San Francisco 49ers,2,43.1,9,-3120,Seattle Seahawks,13,28.3,3500,3120,San Francisco 49ers,0,71.4,380,-3120,https://www.espn.com/nfl/game?gameId=401547589
false,14,Sunday,New Orleans Saints,16,39.4,16,-71500,Carolina Panthers,31,30.2,75000,71500,New Orleans Saints,12,69.6,3500,-71500,https://www.espn.com/nfl/game?gameId=401547587
false,14,Sunday,Detroit Lions,9,29,18,-28400,Detroit Lions,6,64.4,1600,-28400,Chicago Bears,28,35.4,30000,28400,https://www.espn.com/nfl/game?gameId=401547586
false,14,Thursday,Pittsburgh Steelers,17,20.1,9,-15000,New England Patriots,26,39.8,20000,15000,Pittsburgh Steelers,14,59.9,5000,-15000,https://www.espn.com/nfl/game?gameId=401547578
false,14,Sunday,Cincinnati Bengals,15,18.7,9,-7500,Indianapolis Colts,20,40.5,10000,7500,Cincinnati Bengals,8,59.2,2500,-7500,https://www.espn.com/nfl/game?gameId=401547580
false,14,Sunday,Buffalo Bills,1,16,3,375,Buffalo Bills,3,57.8,900,375,Kansas City Chiefs,1,41.8,525,-375,https://www.espn.com/nfl/game?gameId=401547583
false,14,Sunday,Minnesota Vikings,12,15,13,-7000,Minnesota Vikings,19,57.3,8000,-7000,Las Vegas Raiders,23,42.3,15000,7000,https://www.espn.com/nfl/game?gameId=401547588
false,14,Monday,Green Bay Packers,21,14.4,10,-12000,Green Bay Packers,17,57,8000,-12000,New York Giants,27,42.6,20000,12000,https://www.espn.com/nfl/game?gameId=401547591
false,14,Sunday,New York Jets,18,12.9,5,-2500,Houston Texans,25,43.4,15000,2500,New York Jets,22,56.3,12500,-2500,https://www.espn.com/nfl/game?gameId=401547582
false,14,Sunday,Dallas Cowboys,5,12.9,2,750,Philadelphia Eagles,2,43.4,750,-750,Dallas Cowboys,5,56.3,1500,750,https://www.espn.com/nfl/game?gameId=401547590
false,14,Sunday,Jacksonville Jaguars,10,2.5,4,-1000,Jacksonville Jaguars,9,51.1,2500,-1000,Cleveland Browns,11,48.6,3500,1000,https://www.espn.com/nfl/game?gameId=401547581
false,14,Sunday,Atlanta Falcons,22,0.8,3,-1000,Tampa Bay Buccaneers,16,49.4,7000,1000,Atlanta Falcons,15,50.2,6000,-1000,https://www.espn.com/nfl/game?gameId=401547579
false,15,Sunday,San Francisco 49ers,2,64,28,-74620,San Francisco 49ers,0,81.9,380,-74620,Arizona Cardinals,30,17.9,75000,74620,https://www.espn.com/nfl/game?gameId=401547596
false,15,Monday,Kansas City Chiefs,4,53,22,-19475,Kansas City Chiefs,1,76.4,525,-19475,New England Patriots,26,23.4,20000,19475,https://www.espn.com/nfl/game?gameId=401547608
false,15,Sunday,Miami Dolphins,3,52.6,15,-11600,New York Jets,22,23.6,12500,11600,Miami Dolphins,4,76.2,900,-11600,https://www.espn.com/nfl/game?gameId=401547594
false,15,Sunday,Detroit Lions,9,47.4,20,-28400,Denver Broncos,29,26.2,30000,28400,Detroit Lions,6,73.6,1600,-28400,https://www.espn.com/nfl/game?gameId=401547606
false,15,Sunday,New Orleans Saints,16,42.3,15,-16500,New York Giants,27,28.7,20000,16500,New Orleans Saints,12,71,3500,-16500,https://www.espn.com/nfl/game?gameId=401547599
false,15,Thursday,Los Angeles Chargers,8,39.4,17,-12000,Los Angeles Chargers,10,69.6,3000,-12000,Las Vegas Raiders,23,30.2,15000,12000,https://www.espn.com/nfl/game?gameId=401547593
false,15,Sunday,Buffalo Bills,1,33.7,4,-600,Dallas Cowboys,5,33,1500,600,Buffalo Bills,3,66.7,900,-600,https://www.espn.com/nfl/game?gameId=401547600
false,15,Sunday,Cleveland Browns,14,26.9,13,-26500,Chicago Bears,28,36.4,30000,26500,Cleveland Browns,11,63.3,3500,-26500,https://www.espn.com/nfl/game?gameId=401547605
false,15,Sunday,Los Angeles Rams,13,26.5,15,-5000,Washington Commanders,24,36.6,15000,5000,Los Angeles Rams,21,63.1,10000,-5000,https://www.espn.com/nfl/game?gameId=401547597
false,15,Sunday,Atlanta Falcons,22,24.7,10,-69000,Atlanta Falcons,15,62.2,6000,-69000,Carolina Panthers,31,37.5,75000,69000,https://www.espn.com/nfl/game?gameId=401547603
false,15,Sunday,Baltimore Ravens,6,13.8,4,-500,Baltimore Ravens,7,56.7,2000,-500,Jacksonville Jaguars,9,42.9,2500,500,https://www.espn.com/nfl/game?gameId=401547602
false,15,Sunday,Pittsburgh Steelers,17,12.2,7,-5000,Pittsburgh Steelers,14,55.9,5000,-5000,Indianapolis Colts,20,43.7,10000,5000,https://www.espn.com/nfl/game?gameId=401547607
false,15,Sunday,Philadelphia Eagles,7,6.2,4,-2750,Philadelphia Eagles,2,52.9,750,-2750,Seattle Seahawks,13,46.7,3500,2750,https://www.espn.com/nfl/game?gameId=401547601
false,15,Sunday,Tennessee Titans,20,5.2,3,-7000,Houston Texans,25,47.2,15000,7000,Tennessee Titans,18,52.4,8000,-7000,https://www.espn.com/nfl/game?gameId=401547595
false,15,Sunday,Green Bay Packers,21,2.8,2,1000,Tampa Bay Buccaneers,16,48.4,7000,-1000,Green Bay Packers,17,51.2,8000,1000,https://www.espn.com/nfl/game?gameId=401547598
false,15,Sunday,Cincinnati Bengals,15,2.4,3,-5500,Minnesota Vikings,19,48.6,8000,5500,Cincinnati Bengals,8,51,2500,-5500,https://www.espn.com/nfl/game?gameId=401547604
false,16,Monday,Kansas City Chiefs,4,60.1,21,-14475,Las Vegas Raiders,23,19.9,15000,14475,Kansas City Chiefs,1,80,525,-14475,https://www.espn.com/nfl/game?gameId=401547351
false,16,Monday,Philadelphia Eagles,7,59.9,24,-19250,New York Giants,27,20,20000,19250,Philadelphia Eagles,2,79.9,750,-19250,https://www.espn.com/nfl/game?gameId=401547241
false,16,Monday,San Francisco 49ers,2,35.1,4,-1620,Baltimore Ravens,7,32.3,2000,1620,San Francisco 49ers,0,67.4,380,-1620,https://www.espn.com/nfl/game?gameId=401547622
false,16,Sunday,Miami Dolphins,3,23.3,2,-600,Dallas Cowboys,5,38.2,1500,600,Miami Dolphins,4,61.5,900,-600,https://www.espn.com/nfl/game?gameId=401547620
false,16,Sunday,Green Bay Packers,21,22.7,11,-67000,Green Bay Packers,17,61.2,8000,-67000,Carolina Panthers,31,38.5,75000,67000,https://www.espn.com/nfl/game?gameId=401547617
false,16,Saturday,Buffalo Bills,1,21.1,7,-2100,Buffalo Bills,3,60.4,900,-2100,Los Angeles Chargers,10,39.3,3000,2100,https://www.espn.com/nfl/game?gameId=401547611
false,16,Sunday,New York Jets,18,20.5,10,-2500,Washington Commanders,24,39.6,15000,2500,New York Jets,22,60.1,12500,-2500,https://www.espn.com/nfl/game?gameId=401547613
false,16,Sunday,Chicago Bears,27,17.4,3,-45000,Arizona Cardinals,30,41.1,75000,45000,Chicago Bears,28,58.5,30000,-45000,https://www.espn.com/nfl/game?gameId=401547619
false,16,Sunday,Jacksonville Jaguars,10,14.7,9,-4500,Jacksonville Jaguars,9,57.2,2500,-4500,Tampa Bay Buccaneers,16,42.5,7000,4500,https://www.espn.com/nfl/game?gameId=401547615
false,16,Sunday,Detroit Lions,9,11.3,3,-6400,Detroit Lions,6,55.5,1600,-6400,Minnesota Vikings,19,44.2,8000,6400,https://www.espn.com/nfl/game?gameId=401547618
false,16,Sunday,Atlanta Falcons,22,11.2,2,-4000,Indianapolis Colts,20,44.2,10000,4000,Atlanta Falcons,15,55.4,6000,-4000,https://www.espn.com/nfl/game?gameId=401547616
false,16,Thursday,Los Angeles Rams,13,10.6,3,6500,New Orleans Saints,12,44.5,3500,-6500,Los Angeles Rams,21,55.1,10000,6500,https://www.espn.com/nfl/game?gameId=401547609
false,16,Sunday,Seattle Seahawks,11,9.9,9,-4500,Seattle Seahawks,13,54.8,3500,-4500,Tennessee Titans,18,44.9,8000,4500,https://www.espn.com/nfl/game?gameId=401547614
false,16,Sunday,Cleveland Browns,14,8.1,9,-11500,Cleveland Browns,11,53.9,3500,-11500,Houston Texans,25,45.8,15000,11500,https://www.espn.com/nfl/game?gameId=401547612
false,16,Sunday,Denver Broncos,29,6,3,10000,New England Patriots,26,46.8,20000,-10000,Denver Broncos,29,52.8,30000,10000,https://www.espn.com/nfl/game?gameId=401547621
false,16,Saturday,Cincinnati Bengals,15,2.6,2,-2500,Cincinnati Bengals,8,51.1,2500,-2500,Pittsburgh Steelers,14,48.5,5000,2500,https://www.espn.com/nfl/game?gameId=401547610
false,17,Sunday,Buffalo Bills,1,70.7,25,-19100,New England Patriots,26,14.6,20000,19100,Buffalo Bills,3,85.3,900,-19100,https://www.espn.com/nfl/game?gameId=401547626
false,17,Sunday,Philadelphia Eagles,7,59.6,23,-74250,Arizona Cardinals,30,20.1,75000,74250,Philadelphia Eagles,2,79.7,750,-74250,https://www.espn.com/nfl/game?gameId=401547633
false,17,Sunday,San Francisco 49ers,2,58.7,26,-14620,San Francisco 49ers,0,79.3,380,-14620,Washington Commanders,24,20.6,15000,14620,https://www.espn.com/nfl/game?gameId=401547635
false,17,Sunday,Jacksonville Jaguars,10,47.2,22,-72500,Carolina Panthers,31,26.3,75000,72500,Jacksonville Jaguars,9,73.5,2500,-72500,https://www.espn.com/nfl/game?gameId=401547629
false,17,Sunday,Kansas City Chiefs,4,43.8,11,-1975,Cincinnati Bengals,8,28,2500,1975,Kansas City Chiefs,1,71.8,525,-1975,https://www.espn.com/nfl/game?gameId=401547235
false,17,Sunday,Los Angeles Chargers,8,43.2,21,-27000,Los Angeles Chargers,10,71.5,3000,-27000,Denver Broncos,29,28.3,30000,27000,https://www.espn.com/nfl/game?gameId=401547630
false,17,Sunday,Los Angeles Rams,13,32.9,18,-10000,Los Angeles Rams,21,66.3,10000,-10000,New York Giants,27,33.4,20000,10000,https://www.espn.com/nfl/game?gameId=401547632
false,17,Sunday,Seattle Seahawks,11,23.3,6,-1500,Pittsburgh Steelers,14,38.2,5000,1500,Seattle Seahawks,13,61.5,3500,-1500,https://www.espn.com/nfl/game?gameId=401547636
false,17,Saturday,Dallas Cowboys,5,17.3,4,-100,Detroit Lions,6,41.2,1600,100,Dallas Cowboys,5,58.5,1500,-100,https://www.espn.com/nfl/game?gameId=401547624
false,17,Sunday,Miami Dolphins,3,13.7,3,-1100,Miami Dolphins,4,56.7,900,-1100,Baltimore Ravens,7,43,2000,1100,https://www.espn.com/nfl/game?gameId=401547625
false,17,Sunday,Minnesota Vikings,12,13.4,9,0,Green Bay Packers,17,43.1,8000,0,Minnesota Vikings,19,56.5,8000,0,https://www.espn.com/nfl/game?gameId=401547637
false,17,Sunday,Indianapolis Colts,24,13,1,-5000,Las Vegas Raiders,23,43.3,15000,5000,Indianapolis Colts,20,56.3,10000,-5000,https://www.espn.com/nfl/game?gameId=401547628
false,17,Thursday,Cleveland Browns,14,11,4,-9000,New York Jets,22,44.3,12500,9000,Cleveland Browns,11,55.3,3500,-9000,https://www.espn.com/nfl/game?gameId=401547623
false,17,Sunday,Atlanta Falcons,22,8.7,5,-24000,Atlanta Falcons,15,54.2,6000,-24000,Chicago Bears,28,45.5,30000,24000,https://www.espn.com/nfl/game?gameId=401547627
false,17,Sunday,New Orleans Saints,16,5.8,3,-3500,New Orleans Saints,12,52.7,3500,-3500,Tampa Bay Buccaneers,16,46.9,7000,3500,https://www.espn.com/nfl/game?gameId=401547634
false,17,Sunday,Houston Texans,23,2.6,3,7000,Tennessee Titans,18,48.5,8000,-7000,Houston Texans,25,51.1,15000,7000,https://www.espn.com/nfl/game?gameId=401547631
false,18,Sunday,Philadelphia Eagles,7,57,24,-19250,Philadelphia Eagles,2,78.4,750,-19250,New York Giants,27,21.4,20000,19250,https://www.espn.com/nfl/game?gameId=401547650
false,18,Sunday,San Francisco 49ers,2,51.6,11,-9620,Los Angeles Rams,21,24.1,10000,9620,San Francisco 49ers,0,75.7,380,-9620,https://www.espn.com/nfl/game?gameId=401547651
false,18,Sunday,Dallas Cowboys,5,44.4,23,-13500,Dallas Cowboys,5,72.1,1500,-13500,Washington Commanders,24,27.7,15000,13500,https://www.espn.com/nfl/game?gameId=401547653
false,18,Sunday,Baltimore Ravens,6,35.7,11,-3000,Pittsburgh Steelers,14,32,5000,3000,Baltimore Ravens,7,67.7,2000,-3000,https://www.espn.com/nfl/game?gameId=401547639
false,18,Sunday,Seattle Seahawks,11,33.9,19,-71500,Seattle Seahawks,13,66.8,3500,-71500,Arizona Cardinals,30,32.9,75000,71500,https://www.espn.com/nfl/game?gameId=401547638
false,18,Sunday,Tampa Bay Buccaneers,19,25.1,13,-68000,Tampa Bay Buccaneers,16,62.4,7000,-68000,Carolina Panthers,31,37.3,75000,68000,https://www.espn.com/nfl/game?gameId=401547640
false,18,Sunday,Detroit Lions,9,20.5,3,-6400,Minnesota Vikings,19,39.6,8000,6400,Detroit Lions,6,60.1,1600,-6400,https://www.espn.com/nfl/game?gameId=401547642
false,18,Sunday,New York Jets,18,17.3,8,-7500,New York Jets,22,58.5,12500,-7500,New England Patriots,26,41.2,20000,7500,https://www.espn.com/nfl/game?gameId=401547648
false,18,Sunday,Jacksonville Jaguars,10,15.9,10,-5500,Jacksonville Jaguars,9,57.8,2500,-5500,Tennessee Titans,18,41.9,8000,5500,https://www.espn.com/nfl/game?gameId=401547652
false,18,Sunday,Green Bay Packers,21,15.6,6,-22000,Chicago Bears,28,42,30000,22000,Green Bay Packers,17,57.6,8000,-22000,https://www.espn.com/nfl/game?gameId=401547643
false,18,Sunday,Kansas City Chiefs,4,15.2,4,-2475,Kansas City Chiefs,1,57.4,525,-2475,Los Angeles Chargers,10,42.2,3000,2475,https://www.espn.com/nfl/game?gameId=401547645
false,18,Sunday,New Orleans Saints,16,11.5,6,-2500,Atlanta Falcons,15,44.1,6000,2500,New Orleans Saints,12,55.6,3500,-2500,https://www.espn.com/nfl/game?gameId=401547649
false,18,Sunday,Las Vegas Raiders,25,9.8,4,-15000,Denver Broncos,29,44.9,30000,15000,Las Vegas Raiders,23,54.7,15000,-15000,https://www.espn.com/nfl/game?gameId=401547646
false,18,Sunday,Buffalo Bills,1,4.2,2,0,Buffalo Bills,3,51.9,900,0,Miami Dolphins,4,47.7,900,0,https://www.espn.com/nfl/game?gameId=401547647
false,18,Sunday,Cleveland Browns,14,3.1,1,1000,Cleveland Browns,11,51.4,3500,1000,Cincinnati Bengals,8,48.3,2500,-1000,https://www.espn.com/nfl/game?gameId=401547641
false,18,Sunday,Houston Texans,23,1,1,5000,Houston Texans,25,50.3,15000,5000,Indianapolis Colts,20,49.3,10000,-5000,https://www.espn.com/nfl/game?gameId=401547644